,model_number,name,manufacturer,cores,tdp,base_frequency,socket,memory_type,ecc_Compatability,architecture,wattage,clock
0,10456,AMD Ryzen 9 5950X,amd,16,105,3400,AM4,DDR4,TRUE,x86,105,
1,10461,AMD Ryzen 9 5900X,amd,12,105,3700,,,TRUE,xarm,105,7
2,10796,AMD Ryzen 9 5900 (OEM Only),amd,12,65,3000,AM4,DDR4,TRUE,xarm,65,7
3,10466,AMD Ryzen 7 5800X,amd,8,105,3800,AM4,DDR4,FALSE,x64,105,7
4,10791,AMD Ryzen 7 5800 (OEM Only),amd,8,65,3400,AM4,DDR4,FALSE,x64,65,7
5,10471,AMD Ryzen 5 5600X,amd,6,65,3700,AM4,DDR4,FALSE,x64,65,7
6,9931,AMD Ryzen 9 3900XT,amd,12,105,3800,,DDR4,TRUE,xarm,105,7
7,9941,AMD Ryzen 7 3800XT,amd,8,105,3900,AM4,DDR4,FALSE,x64,105,7
8,9936,AMD Ryzen 5 3600XT,amd,6,95,3800,AM4,DDR4,FALSE,x64,95,7
9,10181,AMD Ryzen Threadripper PRO 3995WX,amd,64,280,2700,sWRX8,DDR4,TRUE,x86,280,7
10,10176,AMD Ryzen Threadripper PRO 3975WX,amd,32,280,3500,sWRX8,DDR4,TRUE,x86,280,7
11,10186,AMD Ryzen Threadripper PRO 3955WX,amd,16,280,3900,sWRX8,DDR4,TRUE,x86,280,7
12,10191,AMD Ryzen Threadripper PRO 3945WX,amd,12,280,4000,,DDR4,TRUE,xarm,280,7
13,9111,AMD Ryzen Threadripper 3990X,amd,64,280,2900,sTRX4,DDR4,TRUE,x86,280,7
14,10801,AMD Ryzen 9 5980HX,amd,8,45,3300,FP6,DDR4,FALSE,x64,45,7
15,10806,AMD Ryzen 9 5980HS,amd,8,35,3000,FP6,DDR4,FALSE,x64,35,7
16,8941,AMD Ryzen Threadripper 3970X,amd,32,280,3700,sTRX4,DDR4,TRUE,x86,280,7
17,10811,AMD Ryzen 9 5900HX,amd,8,45,3300,FP6,DDR4,FALSE,x64,45,7
18,10816,AMD Ryzen 9 5900HS,amd,8,35,3000,FP6,DDR4,FALSE,x64,35,7
19,10821,AMD Ryzen 7 5800H,amd,8,45,3200,FP6,DDR4,FALSE,x64,45,7
20,8946,AMD Ryzen Threadripper 3960X,amd,24,280,3800,sTRX4,DDR4,TRUE,x86,280,7
21,10826,AMD Ryzen 7 5800HS,amd,8,35,2800,FP6,DDR4,FALSE,x64,35,7
22,10831,AMD Ryzen 5 5600H,amd,6,45,3300,FP6,DDR4,FALSE,x64,45,7
23,8486,AMD Ryzen 9 3950X,amd,16,105,3500,AM4,DDR4,TRUE,x86,105,7
24,10836,AMD Ryzen 5 5600HS,amd,6,35,3000,FP6,DDR4,FALSE,x64,35,7
25,8436,AMD Ryzen 9 3900X,amd,12,105,3800,AM4,DDR4,TRUE,xarm,105,7
26,10841,AMD Ryzen 7 5800U,amd,8,15,1900,FP6,DDR4,FALSE,x64,15,7
27,10846,AMD Ryzen 7 5700U,amd,8,15,1800,FP6,DDR4,FALSE,x64,15,7
28,8931,AMD Ryzen 9 3900 Processor (OEM Only),amd,12,65,3100,AM4,DDR4,TRUE,xarm,65,7
29,10851,AMD Ryzen 5 5600U,amd,6,15,2300,FP6,DDR4,FALSE,x64,15,7
30,10856,AMD Ryzen 5 5500U,amd,6,15,2100,FP6,DDR4,FALSE,x64,15,7
31,8441,AMD Ryzen 7 3800X,amd,8,105,3900,AM4,DDR4,FALSE,x64,105,7
32,10866,AMD Ryzen 3 5400U,amd,4,15,2600,FP6,DDR4,FALSE,x64,15,7
33,10861,AMD Ryzen 3 5300U,amd,4,15,2600,FP6,DDR4,FALSE,x64,15,7
34,8446,AMD Ryzen 7 3700X,amd,8,65,3600,AM4,DDR4,FALSE,x64,65,7
35,11171,AMD Ryzen 7 5700G,amd,8,65,3800,AM4,DDR4,FALSE,x64,65,7
36,11186,AMD Ryzen 7 5700GE,amd,8,35,3200,AM4,DDR4,FALSE,x64,35,7
37,8451,AMD Ryzen 5 3600X,amd,6,95,3800,AM4,DDR4,FALSE,x64,95,7
38,11176,AMD Ryzen 5 5600G,amd,6,65,3900,AM4,DDR4,FALSE,x64,65,7
39,11191,AMD Ryzen 5 5600GE,amd,6,35,3400,AM4,DDR4,FALSE,x64,35,7
40,8456,AMD Ryzen 5 3600,amd,6,65,3600,AM4,DDR4,FALSE,x64,65,7
41,11181,AMD Ryzen 3 5300G (OEM Only),amd,4,65,4000,AM4,DDR4,FALSE,x64,65,7
42,11196,AMD Ryzen 3 5300GE (OEM Only),amd,4,35,3600,AM4,DDR4,FALSE,x64,35,7
43,9671,AMD Ryzen 3 3300X,amd,4,65,3800,AM4,DDR4,FALSE,x64,65,7
44,10196,AMD Ryzen 7 4700G (OEM Only),amd,8,65,3600,AM4,DDR4,FALSE,x64,65,7
45,9676,AMD Ryzen 3 3100,amd,4,65,3600,AM4,DDR4,FALSE,x64,65,7
46,10201,AMD Ryzen 5 4600G (OEM Only),amd,6,65,3700,AM4,DDR4,FALSE,x64,65,7
47,10206,AMD Ryzen 3 4300G (OEM Only),amd,4,65,3800,AM4,DDR4,FALSE,x64,65,7
48,8981,AMD Ryzen 5 3500 Processor (OEM Only),amd,6,65,3600,AM4,DDR4,FALSE,x64,65,7
49,10211,AMD Ryzen 7 4700GE (OEM Only),amd,8,35,3100,AM4,DDR4,FALSE,x64,35,7
50,10216,AMD Ryzen 5 4600GE (OEM Only),amd,6,35,3300,AM4,DDR4,FALSE,x64,35,7
51,10221,AMD Ryzen 3 4300GE (OEM Only),amd,4,35,3500,AM4,DDR4,FALSE,x64,35,7
52,9651,AMD Ryzen 9 4900H,amd,8,35,3300,FP6,DDR4,FALSE,x64,35,7
53,9206,AMD Ryzen 9 4900HS,amd,8,35,3000,FP6,DDR4,FALSE,x64,35,7
54,10511,AMD Ryzen 7 4800HS,amd,8,45,2900,FP6,DDR4,FALSE,x64,45,7
55,9081,AMD Ryzen 7 4800H,amd,8,45,2900,FP6,DDR4,FALSE,x64,45,7
56,9086,AMD Ryzen 5 4600H,amd,6,45,3000,FP6,DDR4,FALSE,x64,45,7
57,9091,AMD Ryzen 7 4800U,amd,8,15,1800,FP6,DDR4,FALSE,x64,15,7
58,9096,AMD Ryzen 7 4700U,amd,8,15,2000,FP6,DDR4,FALSE,x64,15,7
59,9116,AMD Ryzen 5 4600U,amd,6,15,2100,FP6,DDR4,FALSE,x64,15,7
60,9101,AMD Ryzen 5 4500U,amd,6,15,2300,FP6,DDR4,FALSE,x64,15,7
61,9106,AMD Ryzen 3 4300U,amd,4,15,2700,FP6,DDR4,FALSE,x64,15,7
62,9051,AMD Ryzen 3 3250U,amd,2,15,2600,FP5,DDR4,FALSE,x64,15,14
63,11286,AMD Ryzen 7 4980U Microsoft Surface Edition,amd,8,15,2000,FP6,LPDDR4,FALSE,x64,15,7
64,8476,AMD Ryzen 5 3400G with Radeon RX Vega 11 Graphics,amd,4,65,3700,AM4,DDR4,FALSE,x64,65,12
65,11291,AMD Ryzen 5 4680U Microsoft Surface Edition,amd,6,15,2200,FP6,LPDDR4,FALSE,x64,15,7
66,8991,AMD Ryzen 5 3400GE (OEM Only),amd,4,35,3300,AM4,,FALSE,x64,35,12
67,8921,AMD Ryzen 7 3780U Microsoft Surface Edition,amd,4,15,2300,FP5,,FALSE,x64,15,12
68,8481,AMD Ryzen 3 3200G with Radeon Vega 8 Graphics,amd,4,65,3600,AM4,DDR4,FALSE,x64,65,12
69,8996,AMD Ryzen 3 3200GE (OEM Only),amd,4,35,3300,AM4,,FALSE,x64,35,12
70,10136,AMD Athlon 320GE,amd,2,35,3500,AM4,DDR4,FALSE,x64,35,14
71,8986,AMD Athlon 300GE,amd,2,35,3400,AM4,,FALSE,x64,35,14
72,8371,AMD Ryzen 7 3750H,amd,4,35,2300,FP5,,FALSE,x64,35,12
73,8376,AMD Ryzen 5 3550H,amd,4,35,2100,FP5,,FALSE,x64,35,12
74,8336,AMD Ryzen 7 3700U,amd,4,15,2300,FP5,DDR4,FALSE,x64,15,12
75,8341,AMD Ryzen 5 3500U,amd,4,15,2100,FP5,,FALSE,x64,15,12
76,10876,AMD Ryzen 3 3350U,amd,4,15,2100,FP5,,FALSE,x64,15,12
77,10531,AMD Ryzen 5 3450U,amd,4,15,2100,FP5,,FALSE,x64,15,12
78,8346,AMD Ryzen 3 3300U,amd,4,15,2100,FP5,,FALSE,x64,15,12
79,8916,AMD Ryzen 5 3580U Microsoft Surface Edition,amd,4,15,2100,FP5,,FALSE,x64,15,12
80,10481,AMD Ryzen 7 3700C,amd,4,15,2300,FP5,,FALSE,x64,15,12
81,8351,AMD Ryzen 3 3200U,amd,2,15,2600,FP5,,FALSE,x64,15,14
82,10486,AMD Ryzen 5 3500C,amd,4,15,2100,FP5,,FALSE,x64,15,12
83,9061,AMD Athlon Gold 3150U,amd,2,15,2400,FP5,DDR4,FALSE,x64,15,14
84,9066,AMD Ryzen 3 3250C,amd,2,15,2600,FP5,,FALSE,x64,15,14
85,8356,AMD Athlon 300U,amd,2,15,2400,FP5,,FALSE,x64,15,14
86,9056,AMD Athlon Silver 3050U,amd,2,15,2300,FP5,DDR4,FALSE,x64,15,14
87,9896,AMD Athlon Silver 3050e,amd,2,6,1400,,DDR4,FALSE,x64,6,14
88,9076,AMD Athlon Gold 3150C,amd,2,15,2400,FP5,,FALSE,x64,15,14
89,9071,AMD Athlon  Silver 3050C,amd,2,15,2300,FP5,,FALSE,x64,15,14
90,10231,AMD Athlon Gold 3150GE (OEM Only),amd,4,35,3300,AM4,DDR4,FALSE,x64,35,12
91,9901,AMD 3020e,amd,2,6,1200,,DDR4,FALSE,x64,6,14
92,10226,AMD Athlon Gold 3150G (OEM Only),amd,4,65,3500,AM4,DDR4,FALSE,x64,65,12
93,10166,AMD 3015e,amd,2,6,1200,FT5,DDR4,FALSE,x64,6,14
94,10236,AMD Athlon Silver 3050GE (OEM Only),amd,2,35,3400,AM4,DDR4,FALSE,x64,35,14
95,11201,AMD 3015Ce,amd,2,6,1200,FT5,DDR4,FALSE,x64,6,14
96,7921,AMD Ryzen Threadripper 2990WX,amd,32,250,3000,sTR4,DDR4,TRUE,x86,250,12
97,7936,AMD Ryzen Threadripper 2970WX,amd,24,250,3000,sTR4,DDR4,TRUE,x86,250,12
98,7926,AMD Ryzen Threadripper 2950X,amd,16,180,3500,sTR4,DDR4,TRUE,x86,180,12
99,7941,AMD Ryzen Threadripper 2920X,amd,12,180,3500,sTR4,DDR4,TRUE,xarm,180,12
100,7656,AMD Ryzen 7 2700X,amd,8,105,3700,AM4,DDR4,FALSE,x64,105,12
101,7661,AMD Ryzen 7 2700,amd,8,65,3200,AM4,DDR4,FALSE,x64,65,12
102,8266,AMD Ryzen 7 2700E Processor,amd,8,45,2800,AM4,DDR4,FALSE,x64,45,12
103,7671,AMD Ryzen 5 2600X,amd,6,95,3600,AM4,DDR4,FALSE,x64,95,12
104,7666,AMD Ryzen 5 2600,amd,6,65,3400,AM4,DDR4,FALSE,x64,65,12
105,8261,AMD Ryzen 5 2600E,amd,6,45,3100,AM4,DDR4,FALSE,x64,45,12
106,8216,AMD Ryzen 5 2500X,amd,4,65,3600,AM4,DDR4,FALSE,x64,65,12
107,7221,AMD Ryzen 5 2400G with Radeon RX Vega 11 Graphics,amd,4,65,3600,AM4,DDR4,FALSE,x64,65,14
108,7651,AMD Ryzen 5 2400GE with Radeon RX Vega 11 Graphics,amd,4,35,3200,AM4,DDR4,FALSE,x64,35,14
109,8221,AMD Ryzen 3 2300X,amd,4,65,3500,AM4,DDR4,FALSE,x64,65,12
110,7226,AMD Ryzen 3 2200G with Radeon Vega 8 Graphics,amd,4,65,3500,AM4,DDR4,FALSE,x64,65,14
111,7646,AMD Ryzen 3 2200GE with Radeon Vega 8 Graphics,amd,4,35,3200,AM4,DDR4,FALSE,x64,35,14
112,8251,AMD Ryzen 7 2800H,amd,4,45,3300,FP5,,FALSE,x64,45,14
113,8256,AMD Ryzen 5 2600H,amd,4,45,3200,FP5,,FALSE,x64,45,14
114,5306,AMD Ryzen 7 2700U,amd,4,15,2200,FP5,DDR4,FALSE,x64,15,14
115,5311,AMD Ryzen 5 2500U,amd,4,15,2000,FP5,DDR4,FALSE,x64,15,14
116,7236,AMD Ryzen 3 2300U,amd,4,15,2000,FP5,DDR4,FALSE,x64,15,14
117,7231,AMD Ryzen 3 2200U,amd,2,15,2500,FP5,DDR4,FALSE,x64,15,14
118,2066,AMD Ryzen Threadripper 1950X,amd,16,180,3400,sTR4,DDR4,TRUE,x86,180,14
119,2061,AMD Ryzen Threadripper 1920X,amd,12,180,3500,sTR4,DDR4,TRUE,xarm,180,14
120,3011,AMD Ryzen Threadripper 1900X,amd,8,180,3800,sTR4,DDR4,FALSE,x64,180,14
121,1221,AMD Ryzen 7 1800X,amd,8,95,3600,AM4,DDR4,FALSE,x64,95,14
122,11241,AMD Ryzen 5 PRO 5650G,amd,6,65,3900,AM4,DDR4,FALSE,x64,65,7
123,11236,AMD Ryzen 5 PRO 5650GE,amd,6,35,3400,AM4,DDR4,FALSE,x64,35,7
124,1226,AMD Ryzen 7 1700X,amd,8,95,3400,AM4,DDR4,FALSE,x64,95,14
125,8861,AMD Ryzen 9 PRO 3900,amd,12,65,3100,AM4,DDR4,TRUE,xarm,65,7
126,1216,AMD Ryzen 7 1700 Processor,amd,8,65,3000,AM4,DDR4,FALSE,x64,65,14
127,8871,AMD Ryzen 7 PRO 3700,amd,8,65,3600,AM4,DDR4,FALSE,x64,65,7
128,11011,AMD Ryzen 7 PRO 5850U,amd,8,15,1900,FP6,DDR4,FALSE,x64,15,7
129,11006,AMD Ryzen 5 PRO 5650U,amd,6,15,2300,FP6,DDR4,FALSE,x64,15,7
130,11231,AMD Ryzen 7 PRO 5750G,amd,8,65,3800,AM4,DDR4,FALSE,x64,65,7
131,11016,AMD Ryzen 3 PRO 5450U,amd,4,15,2600,FP6,DDR4,FALSE,x64,15,7
132,11226,AMD Ryzen 7 PRO 5750GE,amd,8,35,3200,AM4,DDR4,FALSE,x64,35,7
133,11246,AMD Ryzen 3 PRO 5350G,amd,4,65,4000,AM4,DDR4,FALSE,x64,65,7
134,10241,AMD Ryzen 7 PRO 4750G,amd,8,65,3600,AM4,DDR4,FALSE,x64,65,7
135,10256,AMD Ryzen 7 PRO 4750GE,amd,8,35,3100,AM4,DDR4,FALSE,x64,35,7
136,8866,AMD Ryzen 5 PRO 3600,amd,6,65,3600,AM4,DDR4,FALSE,x64,65,7
137,1246,AMD Ryzen 5 1600X,amd,6,95,3600,AM4,DDR4,FALSE,x64,95,14
138,11251,AMD Ryzen 3 PRO 5350GE,amd,4,35,3600,AM4,DDR4,FALSE,x64,35,7
139,10246,AMD Ryzen 5 PRO 4650G,amd,6,65,3700,AM4,DDR4,FALSE,x64,65,7
140,10261,AMD Ryzen 5 PRO 4650GE,amd,6,35,3300,AM4,DDR4,FALSE,x64,35,7
141,10251,AMD Ryzen 3 PRO 4350G,amd,4,65,3800,AM4,DDR4,FALSE,x64,65,7
142,10266,AMD Ryzen 3 PRO 4350GE,amd,4,35,3500,AM4,DDR4,FALSE,x64,35,7
143,1241,AMD Ryzen 5 1600,amd,6,65,3200,AM4,DDR4,FALSE,x64,65,14
144,9121,AMD Ryzen 5 1600 (AF),amd,6,65,3200,AM4,DDR4,FALSE,x64,65,12
145,8876,AMD Ryzen 5 PRO 3400G,amd,4,65,3700,AM4,DDR4,FALSE,x64,65,12
146,8886,AMD Ryzen 5 PRO 3400GE,amd,4,35,3300,AM4,DDR4,FALSE,x64,35,12
147,1236,AMD Ryzen 5 1500X,amd,4,65,3500,AM4,DDR4,FALSE,x64,65,14
148,10271,AMD Ryzen 5 PRO 3350G,amd,4,65,3600,AM4,DDR4,FALSE,x64,65,12
149,10276,AMD Ryzen 5 PRO 3350GE,amd,4,35,3300,,DDR4,FALSE,x64,35,12
150,1231,AMD Ryzen 5 1400,amd,4,65,3200,AM4,DDR4,FALSE,x64,65,14
151,8881,AMD Ryzen 3 PRO 3200G,amd,4,65,3600,AM4,DDR4,FALSE,x64,65,12
152,8891,AMD Ryzen 3 PRO 3200GE,amd,4,35,3300,AM4,DDR4,FALSE,x64,35,12
153,2041,AMD Ryzen 3 1300X,amd,4,65,3500,AM4,DDR4,FALSE,x64,65,14
154,10281,AMD Athlon Gold PRO 3150G,amd,4,65,3500,AM4,DDR4,FALSE,x64,65,12
155,10286,AMD Athlon Gold PRO 3150GE,amd,4,35,3300,AM4,DDR4,FALSE,x64,35,12
156,10291,AMD Athlon Silver PRO 3125GE,amd,2,35,3400,AM4,DDR4,FALSE,x64,35,12
157,8896,AMD Athlon PRO 300GE,amd,2,35,3400,AM4,DDR4,FALSE,x64,35,12
158,2046,AMD Ryzen 3 1200,amd,4,65,3100,AM4,DDR4,FALSE,x64,65,14
159,8236,AMD Ryzen 7 PRO 2700X,amd,8,95,3600,AM4,DDR4,FALSE,x64,95,12
160,9686,AMD Ryzen 7 PRO 4750U,amd,8,15,1700,FP6,DDR4,FALSE,x64,15,7
161,8241,AMD Ryzen 7 PRO 2700,amd,8,65,3200,AM4,DDR4,FALSE,x64,65,12
162,9691,AMD Ryzen 5 PRO 4650U,amd,6,15,2100,FP6,DDR4,FALSE,x64,15,7
163,9696,AMD Ryzen 3 PRO 4450U,amd,4,15,2500,FP6,DDR4,FALSE,x64,15,7
164,2011,AMD Ryzen 7 PRO 1700X Processor,amd,8,95,3400,AM4,DDR4,FALSE,x64,95,14
165,8416,AMD Ryzen 7 PRO 3700U,amd,4,15,2300,FP5,,FALSE,x64,15,12
166,8411,AMD Ryzen 5 PRO 3500U,amd,4,15,2100,FP5,,FALSE,x64,15,12
167,2016,AMD Ryzen 7 PRO 1700,amd,8,65,3000,AM4,DDR4,FALSE,x64,65,14
168,8246,AMD Ryzen 5 PRO 2600,amd,6,65,3400,AM4,DDR4,FALSE,x64,65,12
169,10896,AMD Athlon PRO 3145B,amd,2,15,2400,FP5,DDR4,FALSE,x64,15,14
170,8406,AMD Ryzen 3 PRO 3300U,amd,4,15,2100,FP5,,FALSE,x64,15,12
171,10901,AMD Athlon PRO 3045B,amd,2,15,2300,FP5,DDR4,FALSE,x64,15,14
172,2021,AMD Ryzen 5 PRO 1600,amd,6,65,3200,AM4,DDR4,FALSE,x64,65,14
173,8421,AMD Athlon PRO 300U Mobile Processor with Radeon Vega 3 Graphics,amd,2,15,2400,FP5,,FALSE,x64,15,14
174,2026,AMD Ryzen 5 PRO 1500,amd,4,65,3500,AM4,DDR4,FALSE,x64,65,14
175,7206,AMD Ryzen 7 PRO 2700U,amd,4,15,2200,FP5,DDR4,FALSE,x64,15,14
176,7771,AMD Ryzen 5 PRO 2400G with Radeon Vega 11 Graphics,amd,4,65,3600,AM4,,FALSE,x64,65,14
177,7786,AMD Ryzen 5 PRO 2400GE with Radeon Vega 11 Graphics,amd,4,35,3200,AM4,DDR4,FALSE,x64,35,14
178,2031,AMD Ryzen 3 PRO 1300,amd,4,65,3500,AM4,DDR4,FALSE,x64,65,14
179,7211,AMD Ryzen 5 PRO 2500U,amd,4,15,2000,FP5,DDR4,FALSE,x64,15,14
180,7776,AMD Ryzen 3 PRO 2200G with Radeon Vega 8 Graphics,amd,4,65,3500,AM4,,FALSE,x64,65,14
181,7781,AMD Ryzen 3 PRO 2200GE with Radeon Vega 8 Graphics,amd,4,35,3200,AM4,DDR4,FALSE,x64,35,14
182,2036,AMD Ryzen 3 PRO 1200,amd,4,65,3100,AM4,DDR4,FALSE,x64,65,14
183,7216,AMD Ryzen 3 PRO 2300U,amd,4,15,2000,FP5,DDR4,FALSE,x64,15,14
184,9436,7th Gen AMD PRO A4-5350B APU,amd,2,15,3000,,DDR4,FALSE,x64,15,28
185,7491,7th Gen AMD PRO A4-4350B APU,amd,2,15,2500,,DDR4,FALSE,x64,15,28
186,9431,7th Gen AMD PRO A6-8350B APU,amd,2,15,3100,,DDR4,FALSE,x64,15,28
187,7496,7th Gen AMD PRO A6-7350B APU,amd,2,15,3000,,DDR4,FALSE,x64,15,28
188,2121,7th Gen A12-9800 APU,amd,4,65,3800,AM4,DDR4,FALSE,x64,65,28
189,2116,7th Gen A12-9800E APU,amd,4,35,3100,AM4,DDR4,FALSE,x64,35,28
190,2111,7th Gen A10-9700 APU,amd,4,65,3500,AM4,DDR4,FALSE,x64,65,28
191,2106,7th Gen A10-9700E APU,amd,4,35,3000,AM4,DDR4,FALSE,x64,35,28
192,2101,7th Gen A8-9600 APU,amd,4,65,3100,AM4,DDR4,FALSE,x64,65,28
193,2086,7th Gen A6-9550 APU,amd,2,65,3800,AM4,DDR4,FALSE,x64,65,28
194,2096,7th Gen A6-9500 APU,amd,2,65,3500,AM4,DDR4,FALSE,x64,65,28
195,2091,7th Gen A6-9500E APU,amd,2,35,3000,AM4,DDR4,FALSE,x64,35,28
196,6126,7th Gen A12-9730P APU,amd,4,35,2800,FP4,DDR4,FALSE,x64,35,28
197,6131,7th Gen A12-9700P APU,amd,4,15,2500,FP4,DDR4,FALSE,x64,15,28
198,6136,7th Gen A10-9630P APU,amd,4,35,2600,FP4,DDR4,FALSE,x64,35,28
199,6141,7th Gen A10-9600P APU,amd,4,15,2400,FP4,DDR4,FALSE,x64,15,28
200,8226,7th Gen A9-9425 APU,amd,2,15,3100,,DDR4,FALSE,x64,15,28
201,2126,7th Gen A9-9420 APU,amd,2,15,3000,,DDR4,FALSE,x64,15,28
202,2051,7th Gen A9-9410 APU,amd,2,10,2900,,DDR4,FALSE,x64,10,28
203,8231,7th Gen A6-9225 APU,amd,2,15,2600,,DDR4,FALSE,x64,15,28
204,2131,7th Gen A6-9220 APU,amd,2,15,2500,,DDR4,FALSE,x64,15,28
205,8361,7th Gen A6-9220C APU,amd,2,6,1800,FT4,,FALSE,x64,6,28
206,2056,7th Gen A6-9210 APU,amd,2,15,2400,,DDR4,FALSE,x64,15,28
207,8396,7th Gen A4-9125 APU,amd,2,15,2300,,,FALSE,x64,15,28
208,2136,7th Gen A4-9120 APU,amd,2,15,2200,,DDR4,FALSE,x64,15,28
209,8366,7th Gen A4-9120C APU,amd,2,6,1600,FT4,,FALSE,x64,6,28
210,6171,7th Gen AMD PRO A12-9800 APU,amd,4,65,3800,AM4,DDR4,FALSE,x64,65,28
211,6176,7th Gen AMD PRO A12-9800E APU,amd,4,35,3100,AM4,DDR4,FALSE,x64,35,28
212,6161,7th Gen AMD PRO A10-9700 APU,amd,4,65,3500,AM4,DDR4,FALSE,x64,65,28
213,6166,7th Gen AMD PRO A10-9700E APU,amd,4,35,3000,AM4,DDR4,FALSE,x64,35,28
214,6191,7th Gen AMD PRO A8-9600 APU,amd,4,65,3100,AM4,DDR4,FALSE,x64,65,28
215,6181,7th Gen AMD PRO A6-9500 APU,amd,2,65,3500,AM4,DDR4,FALSE,x64,65,28
216,6186,7th Gen AMD PRO A6-9500E APU,amd,2,35,3000,AM4,DDR4,FALSE,x64,35,28
217,6196,7th Gen AMD PRO A12-9830B APU,amd,4,35,3000,FP4,DDR4,FALSE,x64,35,28
218,6201,7th Gen AMD PRO A12-9800B APU,amd,4,15,2700,FP4,DDR4,FALSE,x64,15,28
219,6206,7th Gen AMD PRO A10-9730B APU,amd,4,35,2800,FP4,DDR4,FALSE,x64,35,28
220,6211,7th Gen AMD PRO A10-9700B APU,amd,4,15,2500,FP4,DDR4,FALSE,x64,15,28
221,6216,7th Gen AMD PRO A8-9630B,amd,4,35,2600,FP4,DDR4,FALSE,x64,35,28
222,6221,7th Gen AMD PRO A8-9600B APU,amd,4,15,2400,FP4,DDR4,FALSE,x64,15,28
223,6226,7th Gen AMD PRO A6-9500B APU,amd,2,15,2300,FP4,DDR4,FALSE,x64,15,28
224,6116,7th Gen FX 9830P APU,amd,4,35,3000,FP4,DDR4,FALSE,x64,35,28
225,6121,7th Gen FX 9800P APU,amd,4,15,2700,FP4,DDR4,FALSE,x64,15,28
226,2141,7th Gen E2-9010 APU,amd,2,15,200,,DDR4,FALSE,x64,15,28
227,5921,6th Gen A10-8700P APU,amd,4,15,1800,FP4,DDR3,FALSE,x64,15,28
228,5926,6th Gen A8-8600P APU,amd,4,15,1600,FP4,DDR3,FALSE,x64,15,28
229,6231,6th Gen AMD PRO A12-8870 APU,amd,4,65,3700,AM4,DDR4,FALSE,x64,65,28
230,6146,6th Gen AMD PRO A12-8870E APU,amd,4,35,2900,AM4,DDR4,FALSE,x64,35,28
231,6031,6th Gen AMD PRO A10-8850B APU,amd,4,95,3900,FM2+,DDR3,FALSE,x64,95,28
232,6236,6th Gen AMD PRO A10-8770 APU,amd,4,65,3500,AM4,DDR4,FALSE,x64,65,28
233,6241,6th Gen AMD PRO A10-8770E APU,amd,4,35,2800,AM4,DDR4,FALSE,x64,35,28
234,6036,6th Gen AMD PRO A10-8750B APU,amd,4,65,3600,FM2+,DDR3,FALSE,x64,65,28
235,6041,6th Gen AMD PRO A8-8650B APU,amd,4,65,3200,FM2+,DDR3,FALSE,x64,65,28
236,6151,6th Gen AMD PRO A6-8570 APU,amd,2,65,3500,AM4,DDR4,FALSE,x64,65,28
237,6156,6th Gen AMD PRO A6-8570E APU,amd,2,35,3000,AM4,DDR4,FALSE,x64,35,28
238,6046,6th Gen AMD PRO A6-8550B APU,amd,2,65,3700,FM2+,DDR3,FALSE,x64,65,28
239,6051,6th Gen AMD PRO A4-8350B APU,amd,2,65,3500,FM2+,DDR3,FALSE,x64,65,28
240,6246,6th Gen AMD PRO A12-8830B APU,amd,4,,2500,FP4,DDR4,FALSE,x64,,28
241,5691,6th Gen AMD PRO A12-8800B APU,amd,4,15,2100,FP4,DDR3,FALSE,x64,15,28
242,6251,6th Gen AMD PRO A10-8730B APU,amd,4,,2400,FP4,DDR4,FALSE,x64,,28
243,6066,6th Gen AMD PRO A10-8700B APU,amd,4,15,1800,FP4,DDR3,FALSE,x64,15,28
244,6061,6th Gen AMD PRO A8-8600B APU,amd,4,15,1600,FP4,DDR3,FALSE,x64,15,28
245,6256,6th Gen AMD PRO A6-8530B APU,amd,2,,2300,FP4,DDR4,FALSE,x64,,28
246,6056,6th Gen AMD PRO A6-8500B APU,amd,2,15,1600,FP4,DDR3,FALSE,x64,15,28
247,5916,6th Gen FX-8800P APU,amd,4,15,2100,FP4,DDR3,FALSE,x64,15,28
248,6101,A10-7890K with Radeon R7 Graphics and Wraith cooler,amd,4,95,4100,FM2+,DDR3,FALSE,x64,95,28
249,6026,A10-7870K with Radeon R7 Series,amd,4,95,3900,FM2+,DDR3,FALSE,x64,95,28
250,6106,A10-7870K with Radeon R7 Graphics and Near Silent Thermal Solution,amd,4,95,3900,FM2+,DDR3,FALSE,x64,95,28
251,6086,A10-7860K with Radeon R7 Series,amd,4,65,3600,FM2+,DDR3,FALSE,x64,65,28
252,6081,A10-7860K with Radeon R7 Graphics and Near Silent Thermal Solution,amd,4,65,3600,FM2+,DDR3,FALSE,x64,65,28
253,5706,A10-7850K with Radeon R7 Series,amd,4,95,3700,FM2+,DDR3,FALSE,x64,95,28
254,5701,A10-7800 with Radeon R7 Series,amd,4,,3500,FM2+,DDR3,FALSE,x64,,28
255,5696,A10-7700K with Radeon R7 Series,amd,4,,3400,FM2+,DDR3,FALSE,x64,,28
256,5341,A10-6800K with Radeon HD 8670D,amd,4,100,4100,FM2,DDR3,FALSE,x64,100,32
257,5336,A10-6790K with Radeon HD 8670D,amd,4,100,4000,FM2,DDR3,FALSE,x64,100,32
258,5326,A10-6700 with Radeon HD 8670D,amd,4,65,3700,FM2,DDR3,FALSE,x64,65,32
259,5331,A10-6700T with Radeon HD 8650D,amd,4,45,2500,FM2,DDR3,FALSE,x64,45,32
260,10906,AMD EPYC 7763,amd,64,280,2450,SP3,DDR4,TRUE,x86,280,
261,10911,AMD EPYC 7713P,amd,64,225,2000,SP3,DDR4,TRUE,x86,225,
262,10916,AMD EPYC 7713,amd,64,225,2000,SP3,DDR4,TRUE,x86,225,
263,10921,AMD EPYC 7663,amd,56,240,2000,SP3,DDR4,TRUE,x86,240,
264,10926,AMD EPYC 7643,amd,48,225,2300,SP3,DDR4,TRUE,x86,225,
265,10931,AMD EPYC 75F3,amd,32,280,2950,SP3,DDR4,TRUE,x86,280,
266,10936,AMD EPYC 7543P,amd,32,225,2800,SP3,DDR4,TRUE,x86,225,
267,10941,AMD EPYC 7543,amd,32,225,2800,SP3,DDR4,TRUE,x86,225,
268,10946,AMD EPYC 7513,amd,32,200,2600,SP3,DDR4,TRUE,x86,200,
269,10951,AMD EPYC 7453,amd,28,225,2750,SP3,DDR4,TRUE,x86,225,
270,10956,AMD EPYC 74F3,amd,24,240,3200,SP3,DDR4,TRUE,x86,240,
271,10961,AMD EPYC 7443P,amd,24,200,2850,SP3,DDR4,TRUE,x86,200,
272,10966,AMD EPYC 7443,amd,24,200,2850,SP3,DDR4,TRUE,x86,200,
273,10971,AMD EPYC 7413,amd,24,180,2650,SP3,DDR4,TRUE,x86,180,
274,10976,AMD EPYC 73F3,amd,16,240,3500,SP3,DDR4,TRUE,x86,240,
275,10981,AMD EPYC 7343,amd,16,190,3200,SP3,DDR4,TRUE,x86,190,
276,10986,AMD EPYC 7313P,amd,16,155,3000,SP3,DDR4,TRUE,x86,155,
277,10991,AMD EPYC 7313,amd,16,155,3000,SP3,DDR4,TRUE,x86,155,
278,6076,A8-7670K with Radeon R7 Graphics and Near Silent Thermal Solution,amd,4,95,3600,FM2+,DDR3,FALSE,x64,95,28
279,10996,AMD EPYC 72F3,amd,8,180,3700,SP3,DDR4,FALSE,x64,180,
280,9656,AMD EPYC 7F72,amd,24,240,3200,SP3,DDR4,TRUE,x86,240,
281,5816,A8-7650K with Radeon R7 Series,amd,4,95,3300,FM2+,DDR3,FALSE,x64,95,28
282,9661,AMD EPYC 7F52,amd,16,240,3500,SP3,DDR4,TRUE,x86,240,
283,9666,AMD EPYC 7F32,amd,8,180,3700,SP3,DDR4,FALSE,x64,180,
284,9131,AMD EPYC 7H12,amd,64,280,2600,SP3,DDR4,TRUE,x86,280,
285,8761,AMD EPYC 7742,amd,64,225,2250,SP3,DDR4,TRUE,x86,225,
286,6071,A8-7650K with Radeon R7 Graphics and Near Silent Thermal Solution,amd,4,95,3300,FM2+,DDR3,FALSE,x64,95,28
287,8766,AMD EPYC 7702,amd,64,200,2000,SP3,DDR4,TRUE,x86,200,
288,5811,A8-7600 with Radeon R7 Series,amd,4,65,3100,FM2+,DDR3,FALSE,x64,65,28
289,8771,AMD EPYC 7702P,amd,64,200,2000,SP3,DDR4,TRUE,x86,200,
290,5481,A8-6600K with Radeon HD 8570D,amd,4,65,3900,FM2,DDR3,FALSE,x64,65,32
291,8961,AMD EPYC 7662,amd,64,225,2000,SP3,DDR4,TRUE,x86,225,
292,5471,A8-6500 with Radeon HD 8570D,amd,4,65,3500,FM2,DDR3,FALSE,x64,65,32
293,8786,AMD EPYC 7642,amd,48,225,2300,SP3,DDR4,TRUE,x86,225,
294,8776,AMD EPYC 7552,amd,48,200,2200,SP3,DDR4,TRUE,x86,200,
295,5476,A8-6500T with Radeon HD 8550D,amd,4,45,2100,FM2,DDR3,FALSE,x64,45,32
296,8781,AMD EPYC 7542,amd,32,225,2900,SP3,DDR4,TRUE,x86,225,
297,8966,AMD EPYC 7532,amd,32,200,2400,SP3,DDR4,TRUE,x86,200,
298,8791,AMD EPYC 7502,amd,32,180,2500,SP3,DDR4,TRUE,x86,180,
299,8796,AMD EPYC 7502P,amd,32,180,2500,SP3,DDR4,TRUE,x86,180,
300,8801,AMD EPYC 7452,amd,32,155,2350,SP3,DDR4,TRUE,x86,155,
301,8816,AMD EPYC 7402,amd,24,180,2800,SP3,DDR4,TRUE,x86,180,
302,8811,AMD EPYC 7402P,amd,24,180,2800,SP3,DDR4,TRUE,x86,180,
303,8806,AMD EPYC 7352,amd,24,155,2300,SP3,DDR4,TRUE,x86,155,
304,6091,A6-7470K with Radeon R5 Series,amd,2,65,3700,FM2+,DDR3,FALSE,x64,65,28
305,5781,A6-7400K with Radeon R5 Series,amd,2,65,3500,FM2+,DDR3,FALSE,x64,65,28
306,8821,AMD EPYC 7302,amd,16,155,3000,SP3,DDR4,TRUE,x86,155,
307,5431,A6-6420K with Radeon HD 8470D,amd,2,65,4000,FM2,DDR3,FALSE,x64,65,32
308,8826,AMD EPYC 7302P,amd,16,155,3000,SP3,DDR4,TRUE,x86,155,
309,5776,A6-6310 with Radeon R4 Graphics,amd,4,15,1800,FT3b,DDR3,FALSE,x64,15,28
310,8836,AMD EPYC 7282,amd,16,120,2800,SP3,DDR4,TRUE,x86,120,
311,5426,A6-6400K with Radeon HD 8470D,amd,2,65,3900,FM2,DDR3,FALSE,x64,65,32
312,8831,AMD EPYC 7272,amd,12,120,2900,SP3,DDR4,TRUE,xarm,120,
313,8851,AMD EPYC 7262,amd,8,155,3200,SP3,DDR4,FALSE,x64,155,
314,5771,A6-5200 with Radeon HD 8400,amd,4,25,2000,FT3,DDR3,FALSE,x64,25,28
315,8846,AMD EPYC 7252,amd,8,120,3100,SP3,DDR4,FALSE,x64,120,
316,8841,AMD EPYC 7232P,amd,8,120,3100,SP3,DDR4,FALSE,x64,120,
317,1951,AMD EPYC 7601,amd,32,180,2200,SP3,DDR4,TRUE,x86,180,
318,1961,AMD EPYC 7551P,amd,32,180,2000,SP3,DDR4,TRUE,x86,180,
319,1956,AMD EPYC 7551,amd,32,180,2000,SP3,DDR4,TRUE,x86,180,
320,1966,AMD EPYC 7501,amd,32,155,2000,SP3,DDR4,TRUE,x86,155,
321,5401,A4-7300 with Radeon HD 8470D,amd,2,65,3800,FM2,DDR3,FALSE,x64,65,32
322,1971,AMD EPYC 7451,amd,24,180,2300,SP3,DDR4,TRUE,x86,180,
323,5396,A4-6320 with Radeon HD 8370D,amd,2,65,3800,FM2,DDR3,FALSE,x64,65,32
324,1981,AMD EPYC 7401P,amd,24,155,2000,SP3,DDR4,TRUE,x86,155,
325,1976,AMD EPYC 7401,amd,24,155,2000,SP3,DDR4,TRUE,x86,155,
326,5391,A4-6300 with Radeon HD 8370D,amd,2,65,3700,FM2,DDR3,FALSE,x64,65,32
327,8386,AMD EPYC 7371,amd,16,200,3100,SP3,DDR4,TRUE,x86,200,
328,1991,AMD EPYC 7351P,amd,16,155,2400,SP3,DDR4,TRUE,x86,155,
329,1986,AMD EPYC 7351,amd,16,155,2400,SP3,DDR4,TRUE,x86,155,
330,1996,AMD EPYC 7301,amd,16,155,2200,SP3,DDR4,TRUE,x86,155,
331,5731,A4-5100 with Radeon HD 8330,amd,4,15,1550,FT3,DDR3,FALSE,x64,15,28
332,2001,AMD EPYC 7281,amd,16,155,2100,SP3,DDR4,TRUE,x86,155,
333,5726,A4-5000 with Radeon HD 8330,amd,4,15,1500,FT3,DDR3,FALSE,x64,15,28
334,7791,AMD EPYC 7261,amd,8,155,2500,SP3,DDR4,FALSE,x64,155,
335,2006,AMD EPYC 7251,amd,8,120,2100,SP3,DDR4,FALSE,x64,120,
336,1481,FX-9590,amd,8,220,4700,AM3+,DDR3,FALSE,x64,220,32
337,1476,FX-9370,amd,8,220,4400,AM3+,DDR3,FALSE,x64,220,32
338,1466,FX-8370 with Wraith cooler,amd,8,125,4000,AM3+,DDR3,FALSE,x64,125,32
339,1471,FX-8370E,amd,8,95,3300,AM3+,DDR3,FALSE,x64,95,32
340,5716,A10-7400P with Radeon R6 Graphics,amd,4,35,2500,FP3,DDR3,FALSE,x64,35,28
341,1461,FX-8370,amd,8,125,4000,AM3+,DDR3,FALSE,x64,125,32
342,5711,A10-7300 with Radeon R6 Graphics,amd,4,20,1900,FP3,,FALSE,x64,20,28
343,1456,FX-8350 with Wraith cooler,amd,8,125,4000,AM3+,DDR3,FALSE,x64,125,32
344,1451,FX-8350,amd,8,125,4000,AM3+,DDR3,FALSE,x64,125,32
345,5721,A10 Micro-6700T with Radeon R6 Graphics,amd,4,4.5,2200,FT3b,DDR3L,FALSE,x64,4.5,28
346,1446,FX-8320E,amd,8,95,3200,AM3+,DDR3,FALSE,x64,95,32
347,1441,FX-8320,amd,8,125,3500,AM3+,DDR3,FALSE,x64,125,32
348,1436,FX-8310,amd,8,95,3400,AM3+,,FALSE,x64,95,32
349,1431,FX-8300,amd,8,95,3300,AM3+,DDR3,FALSE,x64,95,32
350,1426,FX-8150,amd,8,125,3600,AM3+,DDR3,FALSE,x64,125,32
351,1421,FX-8120,amd,8,125,3100,AM3+,,FALSE,x64,125,32
352,5956,A8-7410 with Radeon R5 Graphics,amd,4,15,2200,FP4,DDR3L,FALSE,x64,15,28
353,1416,FX-6350 with Wraith cooler,amd,6,125,3900,AM3+,DDR3,FALSE,x64,125,32
354,5826,A8-7200P with Radeon R5 Graphics,amd,4,100,2400,FP3,DDR3,FALSE,x64,100,28
355,1411,FX-6350,amd,6,125,3900,AM3+,DDR3,FALSE,x64,125,32
356,5821,A8-7100 with Radeon R5 Graphics,amd,4,20,1800,FP3,DDR3,FALSE,x64,20,28
357,5936,A8-6410 with Radeon R5 Graphics,amd,4,15,2000,FT3b,DDR3L,FALSE,x64,15,28
358,1926,FX-6300,amd,6,95,3500,AM3+,DDR3,FALSE,x64,95,32
359,1406,FX-6200,amd,6,125,3800,AM3+,DDR3,FALSE,x64,125,32
360,1401,FX 6100,amd,6,95,3300,AM3+,DDR3,FALSE,x64,95,32
361,1396,FX-4350,amd,4,125,4200,AM3+,DDR3,FALSE,x64,125,32
362,1931,FX-4320,amd,4,95,4000,AM3+,DDR3,FALSE,x64,95,32
363,1391,FX-4300,amd,4,95,3800,AM3+,DDR3,FALSE,x64,95,32
364,1386,FX-4170,amd,4,125,4200,AM3+,,FALSE,x64,125,32
365,1381,FX-4130,amd,4,125,3800,AM3,DDR3,FALSE,x64,125,32
366,1376,FX-4100,amd,4,95,3600,AM3+,DDR3,FALSE,x64,95,32
367,1691,1075T,amd,6,95,3500,AM3,DDR3,FALSE,x64,95,
368,1686,1045T,amd,,95,2700,AM3,,FALSE,x64,95,
369,1911,980,amd,4,125,3700,AM3,DDR3,FALSE,x64,125,
370,5931,A6-8500P with Radeon R5 Graphics,amd,2,15,1600,FP4,,FALSE,x64,15,28
371,5941,A6-7310 with Radeon R4 Graphics,amd,4,15,2000,FT3b,DDR3L,FALSE,x64,15,28
372,1906,975,amd,4,125,3600,AM3,DDR3,FALSE,x64,125,45
373,5961,A6-7310 with Radeon R4 Graphics,amd,4,15,2000,FP4,DDR3L,FALSE,x64,15,28
374,1671,965,amd,4,80,3400,AM3,,FALSE,x64,80,
375,5796,A6-7000 with Radeon R4 Graphics,amd,2,17,2200,FT3,,FALSE,x64,17,28
376,1666,960T,amd,4,95,3000,AM3,,FALSE,x64,95,
377,5791,A6-6310 with Radeon R4 Graphics,amd,4,15,2400,FT3b,DDR3L,FALSE,x64,15,28
378,1681,850,amd,4,95,3300,AM3,,FALSE,x64,95,
379,1676,840,amd,4,95,3200,AM3,DDR3,FALSE,x64,95,
380,5451,A6-5350M with Radeon HD 8450G,amd,2,35,2900,FS1r2,DDR3,FALSE,x64,35,32
381,1661,570,amd,2,80,4000,AM3,DDR3,FALSE,x64,80,
382,1936,565,amd,2,80,3400,AM3,,FALSE,x64,80,45
383,5786,A6-5200M with Radeon HD 8400,amd,4,25,2000,FT3,,FALSE,x64,25,28
384,1651,555,amd,2,80,3200,AM3,,FALSE,x64,80,
385,1901,565,amd,2,80,3400,AM3,DDR3,FALSE,x64,80,
386,1611,X940,amd,4,45,2400,S1,DDR3,FALSE,x64,45,
387,1636,N970,amd,4,35,2200,S1,DDR3,FALSE,x64,35,
388,1631,N960,amd,4,35,1800,S1,DDR3,FALSE,x64,35,
389,1641,N870,amd,3,35,2300,AM2+,DDR3,FALSE,x64,35,
390,1646,P860,amd,3,35,2000,AM2+,DDR3,FALSE,x64,35,
391,1621,N660,amd,2,35,3000,S1,DDR3,FALSE,x64,35,
392,5946,A4-7210 with Radeon R3 Graphics,amd,4,65,1800,FT3b,DDR3L,FALSE,x64,65,28
393,1626,P650,amd,2,35,2600,S1,DDR3,FALSE,x64,35,
394,5801,A4 Micro-6400T with Radeon R3 Graphics,amd,4,4.5,1600,FT3b,DDR3L,FALSE,x64,4.5,28
395,1616,N640,amd,2,35,2800,S1,,FALSE,x64,35,
396,5746,A4-6210 with Radeon R3 Graphics,amd,4,15,1800,FT3b,DDR3L,FALSE,x64,15,28
397,1606,B99,amd,4,95,3300,AM3,,FALSE,x64,95,
398,1601,B97,amd,4,95,3200,AM3,,FALSE,x64,95,
399,1596,B95,amd,,95,3000,AM3,,FALSE,x64,95,
400,5741,A4-5100 with Radeon HD 8330,amd,4,15,1550,FT3,,FALSE,x64,15,28
401,1591,B77,amd,3,95,3200,AM3,,FALSE,x64,95,
402,5766,A4-5000 with Radeon HD 8330,amd,4,15,1500,FT3,,FALSE,x64,15,28
403,1586,B75,amd,3,95,3000,AM3,,FALSE,x64,95,
404,1581,B60,amd,2,80,3500,AM3,,FALSE,x64,80,
405,1576,B59,amd,2,80,3400,AM3,,FALSE,x64,80,
406,1571,B57,amd,2,80,3200,AM3,,FALSE,x64,80,
407,1326,641,amd,4,100,2800,FM1,,FALSE,x64,100,32
408,1321,638,amd,4,65,2700,FM1,,FALSE,x64,65,32
409,1311,631,amd,4,100,2600,FM1,,FALSE,x64,100,32
410,1316,631,amd,4,65,2600,FM1,,FALSE,x64,65,32
411,1306,620e,amd,4,45,2700,AM3,DDR3,FALSE,x64,45,
412,1301,460,amd,3,95,3400,AM3,DDR3,FALSE,x64,95,
413,1296,425e,amd,3,45,2700,AM3,DDR3,FALSE,x64,45,
414,1291,255e,amd,2,45,3100,AM3,DDR3,FALSE,x64,45,
415,5981,A10-8700P with Radeon R6 Graphics,amd,4,,1800,FP4,DDR3,FALSE,x64,,28
416,2071,7th Gen AMD Athlon X4 970,amd,4,65,3800,AM4,DDR4,FALSE,x64,65,28
417,5986,A8-8600P with Radeon R6 Graphics,amd,4,,1600,FP4,DDR3,FALSE,x64,,28
418,2076,7th Gen AMD Athlon X4 950,amd,4,,3500,AM4,DDR4,FALSE,x64,,28
419,5996,A8-6410 with Radeon R5 Graphics,amd,4,,2200,FT3b,DDR3L,FALSE,x64,,28
420,2081,7th Gen AMD Athlon X4 940,amd,4,,3200,AM4,DDR4,FALSE,x64,,28
421,5991,A6-8500P with Radeon R5 Graphics,amd,2,,1600,FP4,,FALSE,x64,,28
422,1371,880K with Near Silent Thermal Solution,amd,4,95,4000,FM2+,DDR3,FALSE,x64,95,28
423,6001,A6-7310 with Radeon R4 Graphics,amd,4,,2000,FP4,DDR3L,FALSE,x64,,28
424,6006,A4-7210 with Radeon R3 Graphics,amd,4,65,1800,FP4,DDR3L,FALSE,x64,65,28
425,1366,870K with Near Silent Thermal Solution,amd,4,95,3900,FM2+,DDR3,FALSE,x64,95,28
426,5626,A10-6800B with Radeon HD 8670D,amd,4,45,4100,FM2,DDR3,FALSE,x64,45,32
427,1356,860K,amd,4,95,3700,FM2+,DDR3,FALSE,x64,95,28
428,5631,A10-6790B with Radeon HD 8670D,amd,4,45,4000,FM2,DDR3,FALSE,x64,45,32
429,1361,860K with Near Silent Thermal Solution,amd,4,95,3700,FM2+,DDR3,FALSE,x64,95,28
430,1351,845 with Near Silent Thermal Solution,amd,4,,3500,FM2+,DDR3,FALSE,x64,,28
431,5531,A8-6500B with Radeon HD 8570D,amd,4,65,3500,FM2,DDR3,FALSE,x64,65,32
432,1346,760K,amd,4,100,3800,FM2,,FALSE,x64,100,32
433,1336,750,amd,4,65,3400,FM2,DDR3,FALSE,x64,65,
434,5521,A6-6420B with Radeon HD 8470D,amd,2,65,4000,FM2,DDR3,FALSE,x64,65,32
435,1341,750K,amd,4,100,3400,FM2,,FALSE,x64,100,32
436,1331,740,amd,4,65,3200,FM2,,FALSE,x64,65,32
437,5516,A6-6400B with Radeon HD 8470D,amd,2,65,3900,FM2,DDR3,FALSE,x64,65,32
438,1916,2800,amd,,45,56,939,,FALSE,x64,45,65
439,1566,X1150,amd,4,17,2000,FT3,DDR3,FALSE,x64,17,28
440,1896,6386 SE,amd,16,140,2800,G34,DDR3,TRUE,x86,140,32
441,1891,6380,amd,16,115,2500,G34,DDR3,TRUE,x86,115,32
442,5636,A10 PRO-7850B with Radeon R7 Graphics,amd,4,95,3700,FM2+,DDR3,FALSE,x64,95,28
443,1886,6378,amd,16,115,2400,G34,DDR3,TRUE,x86,115,32
444,5661,A10 PRO-7800B with Radeon R7 Graphics,amd,4,65,3500,FM2+,DDR3,FALSE,x64,65,28
445,1881,6376,amd,16,115,2300,G34,DDR3,TRUE,x86,115,32
446,5676,A8 PRO-7600B with Radeon R7 Graphics,amd,4,65,3100,FM2+,DDR3,FALSE,x64,65,28
447,1876,6370P,amd,16,99,2000,G34,DDR3,TRUE,x86,99,32
448,5671,A6 PRO-7400B with Radeon R5 Graphics,amd,2,65,3500,FM2+,DDR3,FALSE,x64,65,28
449,1871,6366 HE,amd,16,85,1800,G34,DDR3,TRUE,x86,85,32
450,5666,A4 PRO-7350B with Radeon R5 Graphics,amd,2,65,3400,FM2+,DDR3,FALSE,x64,65,28
451,1866,6348,amd,12,115,2800,G34,DDR3,TRUE,xarm,115,32
452,1861,6344,amd,12,115,2600,G34,DDR3,TRUE,xarm,115,32
453,5641,A4 PRO-7300B with Radeon HD 8470D,amd,2,65,3800,FM2,DDR3,FALSE,x64,65,32
454,1856,6338P,amd,12,99,2300,G34,DDR3,TRUE,xarm,99,32
455,5891,A10 PRO-7350B with Radeon R6 Graphics,amd,4,19,2100,FP3,DDR3,FALSE,x64,19,28
456,5901,A8 PRO-7150B with Radeon R5 Graphics,amd,4,100,1900,FP3,DDR3,FALSE,x64,100,28
457,1851,6328,amd,8,115,3200,G34,DDR3,FALSE,x64,115,32
458,5896,A6 PRO-7050B with Radeon R4 Graphics,amd,2,100,2200,FP3,DDR3,FALSE,x64,100,28
459,1846,6320,amd,8,115,2800,G34,DDR3,FALSE,x64,115,32
460,6111,A4 PRO-3350B with Radeon R4 Graphics,amd,4,15,2000,FT3b,DDR3,FALSE,x64,15,28
461,1841,6308,amd,4,115,3500,G34,DDR3,FALSE,x64,115,32
462,6021,A4 PRO-3340B with Radeon HD 8240 Graphics,amd,4,25,2200,FT3,DDR3,FALSE,x64,25,28
463,1836,6284 SE,amd,16,140,2700,G34,DDR3,TRUE,x86,140,32
464,8956,AMD Athlon 3000G,amd,2,35,3500,AM4,,FALSE,x64,35,14
465,1561,6282 SE,amd,16,140,2600,G34,DDR3,TRUE,x86,140,32
466,5886,FX-7600P with Radeon R7 Graphics,amd,4,35,2700,FP3,DDR3,FALSE,x64,35,28
467,8331,AMD Athlon 240GE,amd,2,35,3500,AM4,,FALSE,x64,35,14
468,1831,6278,amd,16,115,2400,G34,DDR3,TRUE,x86,115,32
469,5881,FX-7500 with Radeon R7 Graphics,amd,4,20,2100,FP3,DDR3,FALSE,x64,20,28
470,5976,FX-8800P with Radeon R7 Graphics,amd,4,,2100,FP4,DDR3,FALSE,x64,,28
471,1556,6276,amd,16,115,2300,G34,DDR3,TRUE,x86,115,32
472,8326,AMD Athlon 220GE,amd,2,35,3400,AM4,,FALSE,x64,35,14
473,8206,AMD Athlon 200GE,amd,2,35,3200,AM4,,FALSE,x64,35,14
474,6096,Athlon 5370 APU with Radeon R3 Series,amd,4,25,2200,AM1,DDR3,FALSE,x64,25,28
475,1551,6274,amd,16,115,2200,G34,DDR3,TRUE,x86,115,32
476,1546,6272,amd,16,115,2100,G34,DDR3,TRUE,x86,115,32
477,5836,Athlon 5350 APU with Radeon R3 Series,amd,4,25,2050,AM1,DDR3,FALSE,x64,25,28
478,8201,AMD Athlon PRO 200U Mobile Processor with Radeon Vega 3 Graphics,amd,2,15,2300,FP5,,FALSE,x64,15,14
479,1826,6262 HE,amd,16,85,1600,G34,DDR3,TRUE,x86,85,32
480,5831,Athlon 5150 APU with Radeon R3 Series,amd,4,25,1600,AM1,DDR3,FALSE,x64,25,28
481,8211,AMD Athlon PRO 200GE,amd,2,35,3200,AM4,,FALSE,x64,35,14
482,1541,6238,amd,12,115,2600,G34,DDR3,TRUE,xarm,115,32
483,5911,Sempron 3850 APU with Radeon R3 Series,amd,4,25,1300,AM1,DDR3,FALSE,x64,25,28
484,1821,6234,amd,12,115,2400,G34,DDR3,TRUE,xarm,115,32
485,5906,Sempron 2650 APU with Radeon R3 Series,amd,2,25,1450,AM1,DDR3,FALSE,x64,25,28
486,1816,6220,amd,8,115,3000,G34,DDR3,FALSE,x64,115,32
487,5951,E2-7110 with Radeon R2 Graphics,amd,4,65,1800,FT3b,DDR3L,FALSE,x64,65,28
488,5966,E2-7110 with Radeon R2 Graphics,amd,4,65,1800,FP4,DDR3L,FALSE,x64,65,28
489,5871,E2-6110 with Radeon R2 Graphics,amd,4,15,1500,FT3b,DDR3,FALSE,x64,15,28
490,1811,6212,amd,8,115,2600,G34,DDR3,FALSE,x64,115,32
491,5866,E2-3800 with Radeon HD 8280,amd,4,15,1300,FT3,DDR3,FALSE,x64,15,28
492,1806,6204,amd,4,115,3300,G34,DDR3,FALSE,x64,115,32
493,5876,E2-3000 with Radeon HD 8280,amd,2,15,1650,FT3,,FALSE,x64,15,28
494,1801,6180 SE,amd,12,140,2500,G34,DDR3,TRUE,xarm,140,
495,1536,6176,amd,12,115,2300,G34,DDR3,TRUE,xarm,115,
496,1531,6166 HE,amd,12,85,1800,G34,DDR3,TRUE,xarm,85,
497,1526,6140,amd,8,115,2600,G34,DDR3,FALSE,x64,115,
498,1521,6132 HE,amd,8,85,2200,G34,DDR3,FALSE,x64,85,
499,6011,E2-7110 with Radeon R2 Graphics,amd,4,65,1800,FP4,DDR3L,FALSE,x64,65,28
500,1516,4386,amd,8,95,3100,C32,DDR3,FALSE,x64,95,32
501,1511,4376 HE,amd,8,65,2600,C32,DDR3,FALSE,x64,65,32
502,1506,4365,amd,8,40,2000,C32,DDR3,FALSE,x64,40,32
503,1501,4340,amd,6,95,3500,C32,DDR3,FALSE,x64,95,32
504,1496,4334,amd,6,95,3100,C32,DDR3,FALSE,x64,95,32
505,1491,4332 HE,amd,6,65,3000,C32,DDR3,FALSE,x64,65,32
506,5971,E1-7010 with Radeon R2 Graphics,amd,2,10,1500,FP4,DDR3L,FALSE,x64,10,28
507,5861,E1 Micro-6200T with Radeon R2 Graphics,amd,2,3.95,1400,FT3b,,FALSE,x64,3.95,28
508,1486,4310 EE,amd,6,35,2200,C32,DDR3,FALSE,x64,35,32
509,1796,4284,amd,8,95,3000,C32,DDR3,FALSE,x64,95,32
510,5856,E1-6010 with Radeon R2 Graphics,amd,2,10,1350,FT3b,,FALSE,x64,10,28
511,1791,4280,amd,8,95,2800,C32,DDR3,FALSE,x64,95,32
512,1786,4276 HE,amd,8,65,2600,C32,DDR3,FALSE,x64,65,32
513,5851,E1-2500 with Radeon HD 8240,amd,2,15,1400,FT3,,FALSE,x64,15,28
514,1781,4274 HE,amd,8,65,2500,C32,DDR3,FALSE,x64,65,32
515,5846,E1-2200 with Radeon HD 8210,amd,2,9,1000,FT3,,FALSE,x64,9,28
516,1776,4256 EE,amd,8,35,1600,C32,DDR3,FALSE,x64,35,32
517,5841,E1-2100 with Radeon HD 8210,amd,2,9,1000,FT3,,FALSE,x64,9,28
518,1771,4240,amd,6,95,3400,C32,DDR3,FALSE,x64,95,32
519,1766,4238,amd,6,95,3300,C32,DDR3,FALSE,x64,95,32
520,6016,E1-7010 with Radeon R2 Graphics,amd,2,,1500,FP4,DDR3L,FALSE,x64,,28
521,1761,4234,amd,6,95,3100,C32,DDR3,FALSE,x64,95,32
522,1756,4230 HE,amd,6,65,2900,C32,DDR3,FALSE,x64,65,32
523,1751,4228 HE,amd,6,65,2800,C32,DDR3,FALSE,x64,65,32
524,1746,4226,amd,6,95,2700,C32,DDR3,FALSE,x64,95,32
525,1741,3380,amd,8,65,2600,AM3+,DDR3,FALSE,x64,65,32
526,1736,3365,amd,8,65,2300,AM3+,DDR3,FALSE,x64,65,32
527,1731,3350 HE,amd,4,45,2800,AM3+,DDR3,FALSE,x64,45,32
528,1726,3320 EE,amd,4,25,1900,AM3+,DDR3,FALSE,x64,25,32
529,1721,3280,amd,8,65,2400,AM3+,DDR3,FALSE,x64,65,32
530,1716,3260 HE,amd,4,45,2700,AM3+,DDR3,FALSE,x64,45,32
531,1266,AMD Opteron X2170,amd,4,25,2400,FT3,DDR3,FALSE,x64,25,28
532,1711,3250 HE,amd,,45,2500,AM3+,DDR3,FALSE,x64,45,32
533,5656,AMD Opteron X2150 APU,amd,4,22,1900,FT3,DDR3,FALSE,x64,22,28
534,1706,TL-64,amd,2,35,2200,S1,DDR2,FALSE,x64,35,
535,1701,TL-60,amd,2,31,2000,S1,DDR2,FALSE,x64,31,
536,1696,TL-56,amd,,31,1800,S1,,FALSE,x64,31,
537,1921,TL-52,amd,2,31,1600,S1,,FALSE,x64,31,